_id,orderId,bookId,quantity,createdAt,updatedAt
"69da18c54e962d6bd6a93a01","69aaee0f324fd9b30339e547","69a80e1975799eeae19a1b2e","1","2026-04-11T09:47:49.976Z","2026-04-11T09:47:49.976Z"
"69da18c64e962d6bd6a93a04","69aaee0f324fd9b30339e547","69a80e1975799eeae19a1b2d","1","2026-04-11T09:47:50.103Z","2026-04-11T09:47:50.103Z"
"69da18c64e962d6bd6a93a07","69aaee0f324fd9b30339e547","69a8414606a0eb4bb1b3edd4","1","2026-04-11T09:47:50.228Z","2026-04-11T09:47:50.228Z"
"69da18c64e962d6bd6a93a0c","69c24d8c4bc230f537171a07","69aafe92acb4175744182a66","1","2026-04-11T09:47:50.494Z","2026-04-11T09:47:50.494Z"
"69da18c64e962d6bd6a93a0f","69c24d8c4bc230f537171a07","69aafd239342a498636edcd2","1","2026-04-11T09:47:50.622Z","2026-04-11T09:47:50.622Z"
"69da18c64e962d6bd6a93a12","69c24d8c4bc230f537171a07","69a8414606a0eb4bb1b3edd4","1","2026-04-11T09:47:50.756Z","2026-04-11T09:47:50.756Z"
"69da18c74e962d6bd6a93a17","69c26cca500cd46d35a3e8c7","69a80e1975799eeae19a1b2d","1","2026-04-11T09:47:51.017Z","2026-04-11T09:47:51.017Z"
"69da18c74e962d6bd6a93a1a","69c26cca500cd46d35a3e8c7","69a80e1975799eeae19a1b2e","1","2026-04-11T09:47:51.142Z","2026-04-11T09:47:51.142Z"
"69da18c74e962d6bd6a93a1f","69c3c5c4eeeb1c324bd2ca21","69a80e1975799eeae19a1b2d","1","2026-04-11T09:47:51.419Z","2026-04-11T09:47:51.419Z"
"69da18c74e962d6bd6a93a24","69c3c5c4eeeb1c324bd2ca19","69a80e1975799eeae19a1b2f","1","2026-04-11T09:47:51.693Z","2026-04-11T09:47:51.693Z"
"69da18c74e962d6bd6a93a29","69c3c5c4eeeb1c324bd2ca1b","69a8414606a0eb4bb1b3edd4","1","2026-04-11T09:47:51.969Z","2026-04-11T09:47:51.969Z"
"69da18c84e962d6bd6a93a2e","69c3c5c4eeeb1c324bd2ca1d","69a8414606a0eb4bb1b3edd4","1","2026-04-11T09:47:52.224Z","2026-04-11T09:47:52.224Z"
"69da18c84e962d6bd6a93a33","69c3c5c4eeeb1c324bd2ca1f","69a80e1975799eeae19a1b2f","1","2026-04-11T09:47:52.492Z","2026-04-11T09:47:52.492Z"
"69da18c84e962d6bd6a93a38","69c3c5c4eeeb1c324bd2ca23","69a80e1975799eeae19a1b31","1","2026-04-11T09:47:52.781Z","2026-04-11T09:47:52.781Z"
"69da18c94e962d6bd6a93a3d","69c3c5c4eeeb1c324bd2ca30","69a8414606a0eb4bb1b3edd4","1","2026-04-11T09:47:53.082Z","2026-04-11T09:47:53.082Z"
"69da18c94e962d6bd6a93a42","69c3c5c4eeeb1c324bd2ca28","69a80e1975799eeae19a1b30","1","2026-04-11T09:47:53.345Z","2026-04-11T09:47:53.345Z"
"69da18c94e962d6bd6a93a47","69c3c5c4eeeb1c324bd2ca32","69aafe92acb4175744182a66","1","2026-04-11T09:47:53.619Z","2026-04-11T09:47:53.619Z"
"69da18c94e962d6bd6a93a4c","69c3c5c4eeeb1c324bd2ca2a","69a80e1975799eeae19a1b31","1","2026-04-11T09:47:53.899Z","2026-04-11T09:47:53.899Z"
"69da18ca4e962d6bd6a93a51","69c3c5c4eeeb1c324bd2ca2c","69a80e1975799eeae19a1b2d","1","2026-04-11T09:47:54.174Z","2026-04-11T09:47:54.174Z"
"69da18ca4e962d6bd6a93a56","69c3c5c4eeeb1c324bd2ca2e","69aafd239342a498636edcd2","1","2026-04-11T09:47:54.436Z","2026-04-11T09:47:54.436Z"
"69da18ca4e962d6bd6a93a5b","69c3c5c5eeeb1c324bd2ca37","69aaf66ada8ed7b79eb55841","1","2026-04-11T09:47:54.687Z","2026-04-11T09:47:54.687Z"
"69da18ca4e962d6bd6a93a60","69c3c5c5eeeb1c324bd2ca39","69a80e1975799eeae19a1b2f","1","2026-04-11T09:47:54.953Z","2026-04-11T09:47:54.953Z"
"69da18cb4e962d6bd6a93a65","69c3c5c5eeeb1c324bd2ca3b","69a80e1975799eeae19a1b2e","1","2026-04-11T09:47:55.219Z","2026-04-11T09:47:55.219Z"
"69da18cb4e962d6bd6a93a6a","69c3c5c5eeeb1c324bd2ca40","69a80e1975799eeae19a1b30","1","2026-04-11T09:47:55.489Z","2026-04-11T09:47:55.489Z"
"69da18cb4e962d6bd6a93a6f","69c3c5c5eeeb1c324bd2ca45","69a80e1975799eeae19a1b2e","1","2026-04-11T09:47:55.781Z","2026-04-11T09:47:55.781Z"
"69da18cc4e962d6bd6a93a74","69c3c5c5eeeb1c324bd2ca4c","69a80e1975799eeae19a1b31","1","2026-04-11T09:47:56.037Z","2026-04-11T09:47:56.037Z"
"69da18cc4e962d6bd6a93a79","69c3c5c5eeeb1c324bd2ca4a","69a8414606a0eb4bb1b3edd4","1","2026-04-11T09:47:56.314Z","2026-04-11T09:47:56.314Z"
"69da18cc4e962d6bd6a93a7e","69c3c5c5eeeb1c324bd2ca51","69a80e1975799eeae19a1b30","1","2026-04-11T09:47:56.562Z","2026-04-11T09:47:56.562Z"
"69da18cc4e962d6bd6a93a83","69c3c5c5eeeb1c324bd2ca53","69aafd239342a498636edcd2","1","2026-04-11T09:47:56.841Z","2026-04-11T09:47:56.841Z"
"69da18cd4e962d6bd6a93a88","69c3c5c5eeeb1c324bd2ca5c","69a8414606a0eb4bb1b3edd4","1","2026-04-11T09:47:57.103Z","2026-04-11T09:47:57.103Z"
"69da18cd4e962d6bd6a93a8d","69c3c5c5eeeb1c324bd2ca5a","69a80e1975799eeae19a1b31","1","2026-04-11T09:47:57.394Z","2026-04-11T09:47:57.394Z"
"69da18cd4e962d6bd6a93a92","69c3c5c5eeeb1c324bd2ca58","69aafd239342a498636edcd2","1","2026-04-11T09:47:57.664Z","2026-04-11T09:47:57.664Z"
"69da18cd4e962d6bd6a93a97","69c3c5c5eeeb1c324bd2ca5e","69a80e1975799eeae19a1b2d","1","2026-04-11T09:47:57.934Z","2026-04-11T09:47:57.934Z"
"69da18ce4e962d6bd6a93a9c","69c3c5c5eeeb1c324bd2ca69","69a80e1975799eeae19a1b31","1","2026-04-11T09:47:58.200Z","2026-04-11T09:47:58.200Z"
"69da18ce4e962d6bd6a93aa1","69c3c5c5eeeb1c324bd2ca67","69a80e1975799eeae19a1b2d","1","2026-04-11T09:47:58.467Z","2026-04-11T09:47:58.467Z"
"69da18ce4e962d6bd6a93aa6","69c3c5c5eeeb1c324bd2ca63","69a80e1975799eeae19a1b2f","1","2026-04-11T09:47:58.726Z","2026-04-11T09:47:58.726Z"
"69da18ce4e962d6bd6a93aab","69c3c5c5eeeb1c324bd2ca65","69a80e1975799eeae19a1b30","1","2026-04-11T09:47:58.988Z","2026-04-11T09:47:58.988Z"
"69da18cf4e962d6bd6a93ab0","69c3c5c5eeeb1c324bd2ca6b","69a80e1975799eeae19a1b2f","1","2026-04-11T09:47:59.257Z","2026-04-11T09:47:59.257Z"
"69da18cf4e962d6bd6a93ab5","69c3c5c5eeeb1c324bd2ca6d","69aafd239342a498636edcd2","1","2026-04-11T09:47:59.518Z","2026-04-11T09:47:59.518Z"
"69da18cf4e962d6bd6a93aba","69c3c5c5eeeb1c324bd2ca72","69aafe92acb4175744182a66","1","2026-04-11T09:47:59.801Z","2026-04-11T09:47:59.801Z"
"69da18d04e962d6bd6a93abf","69c3c5c5eeeb1c324bd2ca77","69a80e1975799eeae19a1b31","1","2026-04-11T09:48:00.061Z","2026-04-11T09:48:00.061Z"
"69da18d04e962d6bd6a93ac4","69c3fefc9787e5c9bff42fee","69a80e1975799eeae19a1b2e","1","2026-04-11T09:48:00.324Z","2026-04-11T09:48:00.324Z"
"69da18d04e962d6bd6a93ac9","69c506d8fc218f7bc362a72f","69a80e1975799eeae19a1b2e","1","2026-04-11T09:48:00.603Z","2026-04-11T09:48:00.603Z"
"69da18d04e962d6bd6a93ace","69c506d8fc218f7bc362a732","69a80e1975799eeae19a1b2d","2","2026-04-11T09:48:00.862Z","2026-04-11T09:48:00.862Z"
"69da18d04e962d6bd6a93ad1","69c506d8fc218f7bc362a732","69a80e1975799eeae19a1b30","3","2026-04-11T09:48:00.988Z","2026-04-11T09:48:00.988Z"
"69da18d14e962d6bd6a93ad6","69c506d8fc218f7bc362a737","69a80e1975799eeae19a1b31","1","2026-04-11T09:48:01.272Z","2026-04-11T09:48:01.272Z"
"69da18d14e962d6bd6a93ad9","69c506d8fc218f7bc362a737","69a8414606a0eb4bb1b3edd4","1","2026-04-11T09:48:01.403Z","2026-04-11T09:48:01.403Z"
"69da18d14e962d6bd6a93adc","69c506d8fc218f7bc362a737","69a80e1975799eeae19a1b2f","3","2026-04-11T09:48:01.532Z","2026-04-11T09:48:01.532Z"
"69da18d14e962d6bd6a93ae1","69c506d8fc218f7bc362a73e","69aaf66ada8ed7b79eb55841","2","2026-04-11T09:48:01.812Z","2026-04-11T09:48:01.812Z"
"69da18d24e962d6bd6a93ae6","69c506d8fc218f7bc362a741","69a80e1975799eeae19a1b2d","1","2026-04-11T09:48:02.077Z","2026-04-11T09:48:02.077Z"
"69da18d24e962d6bd6a93aeb","69c506d8fc218f7bc362a744","69a80e1975799eeae19a1b2d","1","2026-04-11T09:48:02.331Z","2026-04-11T09:48:02.331Z"
"69da18d24e962d6bd6a93aee","69c506d8fc218f7bc362a744","69a80e1975799eeae19a1b2e","1","2026-04-11T09:48:02.474Z","2026-04-11T09:48:02.474Z"
"69da18d24e962d6bd6a93af1","69c506d8fc218f7bc362a744","69a80e1975799eeae19a1b31","2","2026-04-11T09:48:02.618Z","2026-04-11T09:48:02.618Z"
"69da18d24e962d6bd6a93af6","69c506d8fc218f7bc362a746","69aafd239342a498636edcd2","3","2026-04-11T09:48:02.871Z","2026-04-11T09:48:02.871Z"
"69da18d24e962d6bd6a93af9","69c506d8fc218f7bc362a746","69a80e1975799eeae19a1b31","2","2026-04-11T09:48:02.992Z","2026-04-11T09:48:02.992Z"
"69da18d34e962d6bd6a93afe","69c506d8fc218f7bc362a749","69aafd239342a498636edcd2","1","2026-04-11T09:48:03.250Z","2026-04-11T09:48:03.250Z"
"69da18d34e962d6bd6a93b01","69c506d8fc218f7bc362a749","69a80e1975799eeae19a1b31","1","2026-04-11T09:48:03.377Z","2026-04-11T09:48:03.377Z"
"69da18d34e962d6bd6a93b04","69c506d8fc218f7bc362a749","69a80e1975799eeae19a1b30","1","2026-04-11T09:48:03.496Z","2026-04-11T09:48:03.496Z"
"69da18d34e962d6bd6a93b09","69c506d8fc218f7bc362a74b","69aafd239342a498636edcd2","2","2026-04-11T09:48:03.759Z","2026-04-11T09:48:03.759Z"
"69da18d34e962d6bd6a93b0c","69c506d8fc218f7bc362a74b","69aafe92acb4175744182a66","2","2026-04-11T09:48:03.897Z","2026-04-11T09:48:03.897Z"
"69da18d44e962d6bd6a93b11","69c506d8fc218f7bc362a734","69a80e1975799eeae19a1b2d","1","2026-04-11T09:48:04.224Z","2026-04-11T09:48:04.224Z"
"69da18d44e962d6bd6a93b16","69c506d8fc218f7bc362a736","69a8414606a0eb4bb1b3edd4","1","2026-04-11T09:48:04.477Z","2026-04-11T09:48:04.477Z"
"69da18d44e962d6bd6a93b19","69c506d8fc218f7bc362a736","69a80e1975799eeae19a1b2e","1","2026-04-11T09:48:04.635Z","2026-04-11T09:48:04.635Z"
"69da18d44e962d6bd6a93b1e","69c506d8fc218f7bc362a73d","69a80e1975799eeae19a1b2d","2","2026-04-11T09:48:04.905Z","2026-04-11T09:48:04.905Z"
"69da18d54e962d6bd6a93b23","69c506d8fc218f7bc362a742","69aaf66ada8ed7b79eb55841","1","2026-04-11T09:48:05.167Z","2026-04-11T09:48:05.167Z"
"69da18d54e962d6bd6a93b28","69c506d8fc218f7bc362a747","69aaf66ada8ed7b79eb55841","2","2026-04-11T09:48:05.441Z","2026-04-11T09:48:05.441Z"
"69da18d54e962d6bd6a93b2d","69c506d8fc218f7bc362a733","69a80e1975799eeae19a1b2d","3","2026-04-11T09:48:05.703Z","2026-04-11T09:48:05.703Z"
"69da18d54e962d6bd6a93b32","69c506d8fc218f7bc362a735","69aaf66ada8ed7b79eb55841","2","2026-04-11T09:48:05.995Z","2026-04-11T09:48:05.995Z"
"69da18d64e962d6bd6a93b37","69c506d8fc218f7bc362a738","69aaf66ada8ed7b79eb55841","3","2026-04-11T09:48:06.267Z","2026-04-11T09:48:06.267Z"
"69da18d64e962d6bd6a93b3a","69c506d8fc218f7bc362a738","69a80e1975799eeae19a1b31","2","2026-04-11T09:48:06.389Z","2026-04-11T09:48:06.389Z"
"69da18d64e962d6bd6a93b3d","69c506d8fc218f7bc362a738","69a80e1975799eeae19a1b2f","2","2026-04-11T09:48:06.519Z","2026-04-11T09:48:06.519Z"
"69da18d64e962d6bd6a93b42","69c506d8fc218f7bc362a739","69a80e1975799eeae19a1b2f","3","2026-04-11T09:48:06.778Z","2026-04-11T09:48:06.778Z"
"69da18d74e962d6bd6a93b47","69c506d8fc218f7bc362a73a","69aafd239342a498636edcd2","3","2026-04-11T09:48:07.032Z","2026-04-11T09:48:07.032Z"
"69da18d74e962d6bd6a93b4a","69c506d8fc218f7bc362a73a","69a80e1975799eeae19a1b2e","1","2026-04-11T09:48:07.157Z","2026-04-11T09:48:07.157Z"
"69da18d74e962d6bd6a93b4f","69c506d8fc218f7bc362a73f","69a80e1975799eeae19a1b2d","2","2026-04-11T09:48:07.442Z","2026-04-11T09:48:07.442Z"
"69da18d74e962d6bd6a93b54","69c506d8fc218f7bc362a740","69a8414606a0eb4bb1b3edd4","2","2026-04-11T09:48:07.713Z","2026-04-11T09:48:07.713Z"
"69da18d74e962d6bd6a93b57","69c506d8fc218f7bc362a740","69aaf66ada8ed7b79eb55841","3","2026-04-11T09:48:07.833Z","2026-04-11T09:48:07.833Z"
"69da18d84e962d6bd6a93b5c","69c506d8fc218f7bc362a743","69a8414606a0eb4bb1b3edd4","2","2026-04-11T09:48:08.115Z","2026-04-11T09:48:08.115Z"
"69da18d84e962d6bd6a93b5f","69c506d8fc218f7bc362a743","69a80e1975799eeae19a1b31","2","2026-04-11T09:48:08.248Z","2026-04-11T09:48:08.248Z"
"69da18d84e962d6bd6a93b62","69c506d8fc218f7bc362a743","69a80e1975799eeae19a1b2f","1","2026-04-11T09:48:08.378Z","2026-04-11T09:48:08.378Z"
"69da18d84e962d6bd6a93b67","69c506d8fc218f7bc362a748","69aafd239342a498636edcd2","1","2026-04-11T09:48:08.642Z","2026-04-11T09:48:08.642Z"
"69da18d84e962d6bd6a93b6a","69c506d8fc218f7bc362a748","69a8414606a0eb4bb1b3edd4","2","2026-04-11T09:48:08.778Z","2026-04-11T09:48:08.778Z"
"69da18d94e962d6bd6a93b6f","69c506d8fc218f7bc362a730","69aaf66ada8ed7b79eb55841","3","2026-04-11T09:48:09.043Z","2026-04-11T09:48:09.043Z"
"69da18d94e962d6bd6a93b74","69c506d8fc218f7bc362a731","69a80e1975799eeae19a1b31","1","2026-04-11T09:48:09.304Z","2026-04-11T09:48:09.304Z"
"69da18d94e962d6bd6a93b77","69c506d8fc218f7bc362a731","69a80e1975799eeae19a1b2e","2","2026-04-11T09:48:09.433Z","2026-04-11T09:48:09.433Z"
"69da18d94e962d6bd6a93b7a","69c506d8fc218f7bc362a731","69aaf66ada8ed7b79eb55841","2","2026-04-11T09:48:09.559Z","2026-04-11T09:48:09.559Z"
"69da18d94e962d6bd6a93b7f","69c506d8fc218f7bc362a73b","69aaf66ada8ed7b79eb55841","1","2026-04-11T09:48:09.840Z","2026-04-11T09:48:09.840Z"
"69da18da4e962d6bd6a93b84","69c506d8fc218f7bc362a73c","69a80e1975799eeae19a1b2d","1","2026-04-11T09:48:10.121Z","2026-04-11T09:48:10.121Z"
"69da18da4e962d6bd6a93b87","69c506d8fc218f7bc362a73c","69aaf66ada8ed7b79eb55841","2","2026-04-11T09:48:10.248Z","2026-04-11T09:48:10.248Z"
"69da18da4e962d6bd6a93b8c","69c506d8fc218f7bc362a745","69a80e1975799eeae19a1b30","1","2026-04-11T09:48:10.503Z","2026-04-11T09:48:10.503Z"
"69da18da4e962d6bd6a93b8f","69c506d8fc218f7bc362a745","69a80e1975799eeae19a1b31","3","2026-04-11T09:48:10.632Z","2026-04-11T09:48:10.632Z"
"69da18da4e962d6bd6a93b92","69c506d8fc218f7bc362a745","69a80e1975799eeae19a1b2e","3","2026-04-11T09:48:10.769Z","2026-04-11T09:48:10.769Z"
"69da18db4e962d6bd6a93b97","69c506d8fc218f7bc362a74a","69aaf66ada8ed7b79eb55841","3","2026-04-11T09:48:11.051Z","2026-04-11T09:48:11.051Z"
"69da18db4e962d6bd6a93b9a","69c506d8fc218f7bc362a74a","69a80e1975799eeae19a1b2f","1","2026-04-11T09:48:11.188Z","2026-04-11T09:48:11.188Z"
"69da18db4e962d6bd6a93b9f","69c506d8fc218f7bc362a74c","69a80e1975799eeae19a1b31","3","2026-04-11T09:48:11.472Z","2026-04-11T09:48:11.472Z"
"69da18db4e962d6bd6a93ba2","69c506d8fc218f7bc362a74c","69a80e1975799eeae19a1b2e","1","2026-04-11T09:48:11.608Z","2026-04-11T09:48:11.608Z"
"69da18db4e962d6bd6a93ba5","69c506d8fc218f7bc362a74c","69a80e1975799eeae19a1b2d","1","2026-04-11T09:48:11.748Z","2026-04-11T09:48:11.748Z"
"69da18dc4e962d6bd6a93baa","69c50b45f5e7e1b6493b9d1d","69a80e1975799eeae19a1b31","1","2026-04-11T09:48:12.014Z","2026-04-11T09:48:12.014Z"
"69da18dc4e962d6bd6a93baf","69c528783485c45c9d739161","69a80e1975799eeae19a1b2f","1","2026-04-11T09:48:12.283Z","2026-04-11T09:48:12.283Z"
"69da18dc4e962d6bd6a93bb4","69c666cba45c1201bb4067a6","69aafe92acb4175744182a66","2","2026-04-11T09:48:12.563Z","2026-04-11T09:48:12.563Z"
"69da18dc4e962d6bd6a93bb7","69c666cba45c1201bb4067a6","69aafd239342a498636edcd2","1","2026-04-11T09:48:12.703Z","2026-04-11T09:48:12.703Z"
"69da18dc4e962d6bd6a93bba","69c666cba45c1201bb4067a6","69a80e1975799eeae19a1b2f","1","2026-04-11T09:48:12.828Z","2026-04-11T09:48:12.828Z"
"69da18dd4e962d6bd6a93bbf","69c68869e455568e0c0ef102","69ab123456789eeae19a1b32","1","2026-04-11T09:48:13.093Z","2026-04-11T09:48:13.093Z"
"69da18dd4e962d6bd6a93bc4","69c7bbdea1413037e945a1ce","69ab123456789eeae19a1b40","1","2026-04-11T09:48:13.348Z","2026-04-11T09:48:13.348Z"
"69da18dd4e962d6bd6a93bc9","69c7bf20a1413037e945a49d","69ab123456789eeae19a1b41","1","2026-04-11T09:48:13.604Z","2026-04-11T09:48:13.604Z"
"69da18dd4e962d6bd6a93bcc","69c7bf20a1413037e945a49d","69ab123456789eeae19a1b38","1","2026-04-11T09:48:13.727Z","2026-04-11T09:48:13.727Z"
"69da18dd4e962d6bd6a93bcf","69c7bf20a1413037e945a49d","69ab123456789eeae19a1b39","1","2026-04-11T09:48:13.895Z","2026-04-11T09:48:13.895Z"
"69da18de4e962d6bd6a93bd2","69c7bf20a1413037e945a49d","69ab123456789eeae19a1b37","1","2026-04-11T09:48:14.023Z","2026-04-11T09:48:14.023Z"
"69da18de4e962d6bd6a93bd5","69c7bf20a1413037e945a49d","69ab123456789eeae19a1b34","1","2026-04-11T09:48:14.149Z","2026-04-11T09:48:14.149Z"
"69da18de4e962d6bd6a93bda","69c7bfffd602bb0a40c4f494","69aafd239342a498636edcd2","1","2026-04-11T09:48:14.420Z","2026-04-11T09:48:14.420Z"
"69da18de4e962d6bd6a93bdf","69c7c1e7de31c0ea01282f0c","69a80e1975799eeae19a1b2d","1","2026-04-11T09:48:14.687Z","2026-04-11T09:48:14.687Z"
"69da18de4e962d6bd6a93be4","69c7c4348347f1fabdcd704a","69ab123456789eeae19a1b40","1","2026-04-11T09:48:14.959Z","2026-04-11T09:48:14.959Z"